﻿<?xml version="1.0" encoding="utf-8"?>
<manifest identifier="_5f4CvWcWSzI" version="1.0" xmlns="http://www.imsproject.org/xsd/imscp_rootv1p1p2" xmlns:adlcp="http://www.adlnet.org/xsd/adlcp_rootv1p2" xmlns:xsi="http://www.w3.org/2001/XMLSchema-instance" xsi:schemaLocation="http://www.imsproject.org/xsd/imscp_rootv1p1p2 imscp_rootv1p1p2.xsd http://www.imsglobal.org/xsd/imsmd_rootv1p2p1 imsmd_rootv1p2p1.xsd http://www.adlnet.org/xsd/adlcp_rootv1p2 adlcp_rootv1p2.xsd">
  <metadata>
    <schema>ADL SCORM</schema>
    <schemaversion>1.2</schemaversion>
    <lom xmlns="http://www.imsglobal.org/xsd/imsmd_rootv1p2p1" xmlns:xsi="http://www.w3.org/2001/XMLSchema-instance" xsi:schemaLocation="http://www.imsglobal.org/xsd/imsmd_rootv1p2p1 imsmd_rootv1p2p1.xsd">
      <general>
        <title>
          <langstring xml:lang="x-none">Escape room Student Representative Edition</langstring>
        </title>
      </general>
      <lifecycle>
        <version>
          <langstring xml:lang="x-none">1</langstring>
        </version>
        <status>
          <source>
            <langstring xml:lang="x-none">LOMv1.0</langstring>
          </source>
          <value>
            <langstring xml:lang="x-none">Final</langstring>
          </value>
        </status>
      </lifecycle>
      <metametadata>
        <metadatascheme>ADL SCORM 1.2</metadatascheme>
      </metametadata>
      <educational>
        <typicallearningtime>
          <datetime>PT0H0M0S</datetime>
        </typicallearningtime>
      </educational>
      <rights>
        <cost>
          <source>
            <langstring xml:lang="x-none">LOMv1.0</langstring>
          </source>
          <value>
            <langstring xml:lang="x-none">yes</langstring>
          </value>
        </cost>
        <copyrightandotherrestrictions>
          <source>
            <langstring xml:lang="x-none">LOMv1.0</langstring>
          </source>
          <value>
            <langstring xml:lang="x-none">yes</langstring>
          </value>
        </copyrightandotherrestrictions>
      </rights>
    </lom>
  </metadata>
  <organizations default="Escape_room_Student_Representative_Edition_ORG">
    <organization identifier="Escape_room_Student_Representative_Edition_ORG">
      <title>Escape room Student Representative Edition</title>
      <item identifier="Escape_room_SCO" isvisible="true" identifierref="__5f4CvWcWSzI_RES">
        <title>Escape room Student Representative Edition</title>
      </item>
    </organization>
  </organizations>
  <resources>
    <resource identifier="__5f4CvWcWSzI_RES" type="webcontent" href="index_lms.html" adlcp:scormtype="sco">
      <file href="story_content/thumbnail.jpg" />
      <file href="mobile/5gqCzP0ho7K.png" />
      <file href="mobile/6P6sSFdlsS6.jpg" />
      <file href="mobile/6PXmzDyZAnz.png" />
      <file href="mobile/62rRCzKTfIm.jpg" />
      <file href="mobile/6h1we06ZHa2.png" />
      <file href="mobile/6CnyVjFUENb.png" />
      <file href="mobile/61GtFNpq71c.png" />
      <file href="mobile/6ekAbPDCSz6.png" />
      <file href="mobile/6Y2zDymNqJ4.png" />
      <file href="mobile/62RoZKCXD5o.jpg" />
      <file href="mobile/61I3FWLRpjn.png" />
      <file href="mobile/6EVVazsDJJA.png" />
      <file href="mobile/6PnALz7awJB.png" />
      <file href="mobile/6Hk0oQJosIX.png" />
      <file href="mobile/5t3bnqDY5tE.png" />
      <file href="mobile/5iA4grKYZQC.png" />
      <file href="mobile/6dTnps92kJ6.png" />
      <file href="mobile/5sYQgIjfn3S.jpg" />
      <file href="mobile/6VUrkpNckbE_X.png" />
      <file href="mobile/6VUrkpNckbE.png" />
      <file href="mobile/5YKUkgDeuRH.png" />
      <file href="mobile/6MVkQiGHmwr.png" />
      <file href="meta.xml" />
      <file href="story_content/triggers.js" />
      <file href="story_content/user.js" />
      <file href="html5/data/css/output.min.css" />
      <file href="html5/data/js/5eOqiQpPAWa.js" />
      <file href="html5/data/js/5myC2m0vnLQ.js" />
      <file href="html5/data/js/5uvsnF4ImM2.js" />
      <file href="html5/data/js/612dgqXpkai.js" />
      <file href="html5/data/js/678hAdUR6VM.js" />
      <file href="html5/data/js/67wsUNg6uAK.js" />
      <file href="html5/data/js/6b1prnFzTCk.js" />
      <file href="html5/data/js/6cfMpQe1vfw.js" />
      <file href="html5/data/js/6ep8r17Cuwg.js" />
      <file href="html5/data/js/6FGRGrAZ5iV.js" />
      <file href="html5/data/js/6jyb1PYT1pO.js" />
      <file href="html5/data/js/6JYIM8PmNQ7.js" />
      <file href="html5/data/js/6kf0Ef4Pr5i.js" />
      <file href="html5/data/js/6LOULDAUYxg.js" />
      <file href="html5/data/js/6lVSg0G8Xhq.js" />
      <file href="html5/data/js/6qcl5qIGnZL.js" />
      <file href="html5/data/js/6QyG69sUzhS.js" />
      <file href="html5/data/js/6rSnGrVrjB2.js" />
      <file href="html5/data/js/6TArmm8Hai0.js" />
      <file href="html5/data/js/data.js" />
      <file href="html5/data/js/frame.js" />
      <file href="html5/data/js/paths.js" />
      <file href="html5/lib/scripts/bootstrapper.min.js" />
      <file href="html5/lib/scripts/frame.desktop.min.js" />
      <file href="html5/lib/scripts/frame.mobile.min.js" />
      <file href="html5/lib/scripts/slides.min.js" />
      <file href="html5/lib/stylesheets/desktop.min.css" />
      <file href="html5/lib/stylesheets/mobile.min.css" />
      <file href="html5/lib/stylesheets/mobile-fonts/open-sans-bold.woff" />
      <file href="html5/lib/stylesheets/mobile-fonts/open-sans-light.woff" />
      <file href="html5/lib/stylesheets/mobile-fonts/open-sans-regular.woff" />
      <file href="analytics-frame.html" />
      <file href="story.html" />
      <file href="index_lms.html" />
      <file href="lms/AICCComm.html" />
      <file href="lms/blank.html" />
      <file href="lms/browsersniff.js" />
      <file href="lms/goodbye.html" />
      <file href="lms/scormdriver.js" />
    </resource>
  </resources>
</manifest>